{
  "academic": {
    "mattr_mean": 0.7607375891028592,
    "mattr_std": 0.06802502259626075,
    "ttr_mean": 0.6565595238095238,
    "ttr_std": 0.06215977579397604
  },
  "news": {
    "mattr_mean": 0.7689032984423875,
    "mattr_std": 0.08833173537031228,
    "ttr_mean": 0.6670116834838025,
    "ttr_std": 0.0743735556470682
  },
  "fiction": {
    "mattr_mean": 0.7448470573636143,
    "mattr_std": 0.07880028730069268,
    "ttr_mean": 0.6396018751508048,
    "ttr_std": 0.07413339521449934
  },
  "casual": {
    "mattr_mean": 0.771094734823975,
    "mattr_std": 0.09148289749338319,
    "ttr_mean": 0.6716936289195127,
    "ttr_std": 0.09247678015878663
  },
  "business": {
    "mattr_mean": 0.7767897457537716,
    "mattr_std": 0.06576674025560235,
    "ttr_mean": 0.6764243845252051,
    "ttr_std": 0.06018722618253257
  },
  "general": {
    "mattr_mean": 0.7576457623987566,
    "mattr_std": 0.0826688646314371,
    "ttr_mean": 0.654711883940072,
    "ttr_std": 0.07592069303460827
  }
}